filename,prediction
000.tiff_0_0.tiff,3
000.tiff_0_128.tiff,3
000.tiff_128_0.tiff,3
000.tiff_128_128.tiff,3
001.tiff_0_0.tiff,4
001.tiff_0_128.tiff,4
001.tiff_128_0.tiff,4
001.tiff_128_128.tiff,4
002.tiff_0_0.tiff,1
002.tiff_0_128.tiff,1
002.tiff_128_0.tiff,1
002.tiff_128_128.tiff,1
003.tiff_0_0.tiff,1
003.tiff_0_128.tiff,1
003.tiff_128_0.tiff,1
003.tiff_128_128.tiff,1
004.tiff_0_0.tiff,3
004.tiff_0_128.tiff,3
004.tiff_128_0.tiff,3
004.tiff_128_128.tiff,3
005.tiff_0_0.tiff,3
005.tiff_0_128.tiff,3
005.tiff_128_0.tiff,3
005.tiff_128_128.tiff,3
006.tiff_0_0.tiff,3
006.tiff_0_128.tiff,3
006.tiff_128_0.tiff,3
006.tiff_128_128.tiff,3
007.tiff_0_0.tiff,1
007.tiff_0_128.tiff,1
007.tiff_128_0.tiff,1
007.tiff_128_128.tiff,1
008.tiff_0_0.tiff,1
008.tiff_0_128.tiff,1
008.tiff_128_0.tiff,1
008.tiff_128_128.tiff,1
009.tiff_0_0.tiff,3
009.tiff_0_128.tiff,3
009.tiff_128_0.tiff,3
009.tiff_128_128.tiff,3
010.tiff_0_0.tiff,2
010.tiff_0_128.tiff,2
010.tiff_128_0.tiff,2
010.tiff_128_128.tiff,2
011.tiff_0_0.tiff,3
011.tiff_0_128.tiff,3
011.tiff_128_0.tiff,3
011.tiff_128_128.tiff,3
012.tiff_0_0.tiff,3
012.tiff_0_128.tiff,3
012.tiff_128_0.tiff,3
012.tiff_128_128.tiff,3
013.tiff_0_0.tiff,3
013.tiff_0_128.tiff,3
013.tiff_128_0.tiff,3
013.tiff_128_128.tiff,3
014.tiff_0_0.tiff,3
014.tiff_0_128.tiff,3
014.tiff_128_0.tiff,3
014.tiff_128_128.tiff,3
015.tiff_0_0.tiff,1
015.tiff_0_128.tiff,1
015.tiff_128_0.tiff,1
015.tiff_128_128.tiff,1
016.tiff_0_0.tiff,3
016.tiff_0_128.tiff,3
016.tiff_128_0.tiff,3
016.tiff_128_128.tiff,3
017.tiff_0_0.tiff,3
017.tiff_0_128.tiff,3
017.tiff_128_0.tiff,3
017.tiff_128_128.tiff,3
018.tiff_0_0.tiff,3
018.tiff_0_128.tiff,3
018.tiff_128_0.tiff,3
018.tiff_128_128.tiff,3
019.tiff_0_0.tiff,4
019.tiff_0_128.tiff,4
019.tiff_128_0.tiff,4
019.tiff_128_128.tiff,4
020.tiff_0_0.tiff,3
020.tiff_0_128.tiff,3
020.tiff_128_0.tiff,3
020.tiff_128_128.tiff,3
021.tiff_0_0.tiff,3
021.tiff_0_128.tiff,3
021.tiff_128_0.tiff,3
021.tiff_128_128.tiff,3
022.tiff_0_0.tiff,3
022.tiff_0_128.tiff,3
022.tiff_128_0.tiff,3
022.tiff_128_128.tiff,3
023.tiff_0_0.tiff,3
023.tiff_0_128.tiff,3
023.tiff_128_0.tiff,3
023.tiff_128_128.tiff,3
024.tiff_0_0.tiff,2
024.tiff_0_128.tiff,2
024.tiff_128_0.tiff,2
024.tiff_128_128.tiff,2
025.tiff_0_0.tiff,3
025.tiff_0_128.tiff,3
025.tiff_128_0.tiff,3
025.tiff_128_128.tiff,3
026.tiff_0_0.tiff,3
026.tiff_0_128.tiff,3
026.tiff_128_0.tiff,3
026.tiff_128_128.tiff,3
027.tiff_0_0.tiff,1
027.tiff_0_128.tiff,1
027.tiff_128_0.tiff,1
027.tiff_128_128.tiff,1
028.tiff_0_0.tiff,1
028.tiff_0_128.tiff,1
028.tiff_128_0.tiff,1
028.tiff_128_128.tiff,1
029.tiff_0_0.tiff,1
029.tiff_0_128.tiff,1
029.tiff_128_0.tiff,1
029.tiff_128_128.tiff,1
030.tiff_0_0.tiff,1
030.tiff_0_128.tiff,1
030.tiff_128_0.tiff,1
030.tiff_128_128.tiff,1
031.tiff_0_0.tiff,3
031.tiff_0_128.tiff,3
031.tiff_128_0.tiff,3
031.tiff_128_128.tiff,3
032.tiff_0_0.tiff,2
032.tiff_0_128.tiff,2
032.tiff_128_0.tiff,2
032.tiff_128_128.tiff,2
033.tiff_0_0.tiff,1
033.tiff_0_128.tiff,1
033.tiff_128_0.tiff,1
033.tiff_128_128.tiff,1
034.tiff_0_0.tiff,3
034.tiff_0_128.tiff,3
034.tiff_128_0.tiff,3
034.tiff_128_128.tiff,3
035.tiff_0_0.tiff,3
035.tiff_0_128.tiff,3
035.tiff_128_0.tiff,3
035.tiff_128_128.tiff,3
036.tiff_0_0.tiff,3
036.tiff_0_128.tiff,3
036.tiff_128_0.tiff,3
036.tiff_128_128.tiff,3
037.tiff_0_0.tiff,2
037.tiff_0_128.tiff,2
037.tiff_128_0.tiff,2
037.tiff_128_128.tiff,2
038.tiff_0_0.tiff,3
038.tiff_0_128.tiff,3
038.tiff_128_0.tiff,3
038.tiff_128_128.tiff,3
039.tiff_0_0.tiff,3
039.tiff_0_128.tiff,3
039.tiff_128_0.tiff,3
039.tiff_128_128.tiff,3
040.tiff_0_0.tiff,1
040.tiff_0_128.tiff,1
040.tiff_128_0.tiff,1
040.tiff_128_128.tiff,1
041.tiff_0_0.tiff,1
041.tiff_0_128.tiff,1
041.tiff_128_0.tiff,1
041.tiff_128_128.tiff,1
042.tiff_0_0.tiff,1
042.tiff_0_128.tiff,1
042.tiff_128_0.tiff,1
042.tiff_128_128.tiff,1
043.tiff_0_0.tiff,3
043.tiff_0_128.tiff,3
043.tiff_128_0.tiff,3
043.tiff_128_128.tiff,3
044.tiff_0_0.tiff,3
044.tiff_0_128.tiff,3
044.tiff_128_0.tiff,3
044.tiff_128_128.tiff,3
045.tiff_0_0.tiff,3
045.tiff_0_128.tiff,3
045.tiff_128_0.tiff,3
045.tiff_128_128.tiff,3
046.tiff_0_0.tiff,2
046.tiff_0_128.tiff,2
046.tiff_128_0.tiff,2
046.tiff_128_128.tiff,2
047.tiff_0_0.tiff,4
047.tiff_0_128.tiff,4
047.tiff_128_0.tiff,4
047.tiff_128_128.tiff,4
048.tiff_0_0.tiff,3
048.tiff_0_128.tiff,3
048.tiff_128_0.tiff,3
048.tiff_128_128.tiff,3
049.tiff_0_0.tiff,5
049.tiff_0_128.tiff,5
049.tiff_128_0.tiff,5
049.tiff_128_128.tiff,5
050.tiff_0_0.tiff,4
050.tiff_0_128.tiff,4
050.tiff_128_0.tiff,4
050.tiff_128_128.tiff,4
051.tiff_0_0.tiff,3
051.tiff_0_128.tiff,3
051.tiff_128_0.tiff,3
051.tiff_128_128.tiff,3
052.tiff_0_0.tiff,3
052.tiff_0_128.tiff,3
052.tiff_128_0.tiff,3
052.tiff_128_128.tiff,3
053.tiff_0_0.tiff,3
053.tiff_0_128.tiff,3
053.tiff_128_0.tiff,3
053.tiff_128_128.tiff,3
054.tiff_0_0.tiff,3
054.tiff_0_128.tiff,3
054.tiff_128_0.tiff,3
054.tiff_128_128.tiff,3
055.tiff_0_0.tiff,3
055.tiff_0_128.tiff,3
055.tiff_128_0.tiff,3
055.tiff_128_128.tiff,3
056.tiff_0_0.tiff,1
056.tiff_0_128.tiff,1
056.tiff_128_0.tiff,1
056.tiff_128_128.tiff,1
057.tiff_0_0.tiff,3
057.tiff_0_128.tiff,3
057.tiff_128_0.tiff,3
057.tiff_128_128.tiff,3
058.tiff_0_0.tiff,3
058.tiff_0_128.tiff,3
058.tiff_128_0.tiff,3
058.tiff_128_128.tiff,3
059.tiff_0_0.tiff,3
059.tiff_0_128.tiff,3
059.tiff_128_0.tiff,3
059.tiff_128_128.tiff,3
060.tiff_0_0.tiff,1
060.tiff_0_128.tiff,1
060.tiff_128_0.tiff,1
060.tiff_128_128.tiff,1
061.tiff_0_0.tiff,3
061.tiff_0_128.tiff,3
061.tiff_128_0.tiff,3
061.tiff_128_128.tiff,3
062.tiff_0_0.tiff,1
062.tiff_0_128.tiff,1
062.tiff_128_0.tiff,1
062.tiff_128_128.tiff,1
063.tiff_0_0.tiff,1
063.tiff_0_128.tiff,1
063.tiff_128_0.tiff,1
063.tiff_128_128.tiff,1
064.tiff_0_0.tiff,2
064.tiff_0_128.tiff,2
064.tiff_128_0.tiff,2
064.tiff_128_128.tiff,2
065.tiff_0_0.tiff,1
065.tiff_0_128.tiff,1
065.tiff_128_0.tiff,1
065.tiff_128_128.tiff,1
066.tiff_0_0.tiff,1
066.tiff_0_128.tiff,1
066.tiff_128_0.tiff,1
066.tiff_128_128.tiff,1
067.tiff_0_0.tiff,4
067.tiff_0_128.tiff,4
067.tiff_128_0.tiff,4
067.tiff_128_128.tiff,4
068.tiff_0_0.tiff,4
068.tiff_0_128.tiff,4
068.tiff_128_0.tiff,4
068.tiff_128_128.tiff,4
069.tiff_0_0.tiff,3
069.tiff_0_128.tiff,3
069.tiff_128_0.tiff,3
069.tiff_128_128.tiff,3
070.tiff_0_0.tiff,4
070.tiff_0_128.tiff,4
070.tiff_128_0.tiff,4
070.tiff_128_128.tiff,4
071.tiff_0_0.tiff,4
071.tiff_0_128.tiff,4
071.tiff_128_0.tiff,4
071.tiff_128_128.tiff,4
072.tiff_0_0.tiff,3
072.tiff_0_128.tiff,3
072.tiff_128_0.tiff,3
072.tiff_128_128.tiff,3
073.tiff_0_0.tiff,2
073.tiff_0_128.tiff,2
073.tiff_128_0.tiff,2
073.tiff_128_128.tiff,2
074.tiff_0_0.tiff,2
074.tiff_0_128.tiff,2
074.tiff_128_0.tiff,2
074.tiff_128_128.tiff,2
075.tiff_0_0.tiff,2
075.tiff_0_128.tiff,2
075.tiff_128_0.tiff,2
075.tiff_128_128.tiff,2
076.tiff_0_0.tiff,4
076.tiff_0_128.tiff,4
076.tiff_128_0.tiff,4
076.tiff_128_128.tiff,4
077.tiff_0_0.tiff,4
077.tiff_0_128.tiff,4
077.tiff_128_0.tiff,4
077.tiff_128_128.tiff,4
078.tiff_0_0.tiff,3
078.tiff_0_128.tiff,3
078.tiff_128_0.tiff,3
078.tiff_128_128.tiff,3
079.tiff_0_0.tiff,1
079.tiff_0_128.tiff,1
079.tiff_128_0.tiff,1
079.tiff_128_128.tiff,1
080.tiff_0_0.tiff,1
080.tiff_0_128.tiff,1
080.tiff_128_0.tiff,1
080.tiff_128_128.tiff,1
081.tiff_0_0.tiff,1
081.tiff_0_128.tiff,1
081.tiff_128_0.tiff,1
081.tiff_128_128.tiff,1
082.tiff_0_0.tiff,1
082.tiff_0_128.tiff,1
082.tiff_128_0.tiff,1
082.tiff_128_128.tiff,1
083.tiff_0_0.tiff,3
083.tiff_0_128.tiff,3
083.tiff_128_0.tiff,3
083.tiff_128_128.tiff,3
084.tiff_0_0.tiff,3
084.tiff_0_128.tiff,3
084.tiff_128_0.tiff,3
084.tiff_128_128.tiff,3
085.tiff_0_0.tiff,3
085.tiff_0_128.tiff,3
085.tiff_128_0.tiff,3
085.tiff_128_128.tiff,3
086.tiff_0_0.tiff,3
086.tiff_0_128.tiff,3
086.tiff_128_0.tiff,3
086.tiff_128_128.tiff,3
087.tiff_0_0.tiff,3
087.tiff_0_128.tiff,3
087.tiff_128_0.tiff,3
087.tiff_128_128.tiff,3
088.tiff_0_0.tiff,3
088.tiff_0_128.tiff,3
088.tiff_128_0.tiff,3
088.tiff_128_128.tiff,3
089.tiff_0_0.tiff,3
089.tiff_0_128.tiff,3
089.tiff_128_0.tiff,3
089.tiff_128_128.tiff,3
090.tiff_0_0.tiff,3
090.tiff_0_128.tiff,3
090.tiff_128_0.tiff,3
090.tiff_128_128.tiff,3
091.tiff_0_0.tiff,3
091.tiff_0_128.tiff,3
091.tiff_128_0.tiff,3
091.tiff_128_128.tiff,3
092.tiff_0_0.tiff,1
092.tiff_0_128.tiff,1
092.tiff_128_0.tiff,1
092.tiff_128_128.tiff,1
093.tiff_0_0.tiff,1
093.tiff_0_128.tiff,1
093.tiff_128_0.tiff,1
093.tiff_128_128.tiff,1
094.tiff_0_0.tiff,3
094.tiff_0_128.tiff,3
094.tiff_128_0.tiff,3
094.tiff_128_128.tiff,3
095.tiff_0_0.tiff,3
095.tiff_0_128.tiff,3
095.tiff_128_0.tiff,3
095.tiff_128_128.tiff,3
096.tiff_0_0.tiff,3
096.tiff_0_128.tiff,3
096.tiff_128_0.tiff,3
096.tiff_128_128.tiff,3
097.tiff_0_0.tiff,2
097.tiff_0_128.tiff,2
097.tiff_128_0.tiff,2
097.tiff_128_128.tiff,2
098.tiff_0_0.tiff,3
098.tiff_0_128.tiff,3
098.tiff_128_0.tiff,3
098.tiff_128_128.tiff,3
099.tiff_0_0.tiff,3
099.tiff_0_128.tiff,3
099.tiff_128_0.tiff,3
099.tiff_128_128.tiff,3
100.tiff_0_0.tiff,4
100.tiff_0_128.tiff,4
100.tiff_128_0.tiff,4
100.tiff_128_128.tiff,4
101.tiff_0_0.tiff,3
101.tiff_0_128.tiff,3
101.tiff_128_0.tiff,3
101.tiff_128_128.tiff,3
102.tiff_0_0.tiff,4
102.tiff_0_128.tiff,4
102.tiff_128_0.tiff,4
102.tiff_128_128.tiff,4
103.tiff_0_0.tiff,3
103.tiff_0_128.tiff,3
103.tiff_128_0.tiff,3
103.tiff_128_128.tiff,3
104.tiff_0_0.tiff,4
104.tiff_0_128.tiff,4
104.tiff_128_0.tiff,4
104.tiff_128_128.tiff,4
105.tiff_0_0.tiff,2
105.tiff_0_128.tiff,2
105.tiff_128_0.tiff,2
105.tiff_128_128.tiff,2
106.tiff_0_0.tiff,1
106.tiff_0_128.tiff,1
106.tiff_128_0.tiff,1
106.tiff_128_128.tiff,1
107.tiff_0_0.tiff,3
107.tiff_0_128.tiff,3
107.tiff_128_0.tiff,3
107.tiff_128_128.tiff,3
108.tiff_0_0.tiff,1
108.tiff_0_128.tiff,1
108.tiff_128_0.tiff,1
108.tiff_128_128.tiff,1
109.tiff_0_0.tiff,2
109.tiff_0_128.tiff,2
109.tiff_128_0.tiff,2
109.tiff_128_128.tiff,2
110.tiff_0_0.tiff,3
110.tiff_0_128.tiff,3
110.tiff_128_0.tiff,3
110.tiff_128_128.tiff,3
111.tiff_0_0.tiff,1
111.tiff_0_128.tiff,1
111.tiff_128_0.tiff,1
111.tiff_128_128.tiff,1
112.tiff_0_0.tiff,3
112.tiff_128_0.tiff,3
113.tiff_0_0.tiff,1
113.tiff_0_128.tiff,1
113.tiff_128_0.tiff,1
113.tiff_128_128.tiff,1
114.tiff_0_0.tiff,3
114.tiff_0_128.tiff,3
114.tiff_128_0.tiff,3
114.tiff_128_128.tiff,3
115.tiff_0_0.tiff,1
115.tiff_0_128.tiff,1
115.tiff_128_0.tiff,1
115.tiff_128_128.tiff,1
116.tiff_0_0.tiff,4
116.tiff_0_128.tiff,4
116.tiff_128_0.tiff,4
116.tiff_128_128.tiff,4
117.tiff_0_0.tiff,3
117.tiff_0_128.tiff,3
117.tiff_128_0.tiff,3
117.tiff_128_128.tiff,3
118.tiff_0_0.tiff,3
118.tiff_0_128.tiff,3
118.tiff_128_0.tiff,3
118.tiff_128_128.tiff,3
119.tiff_0_0.tiff,3
119.tiff_0_128.tiff,3
119.tiff_128_0.tiff,3
119.tiff_128_128.tiff,3
120.tiff_0_0.tiff,2
120.tiff_0_128.tiff,2
120.tiff_128_0.tiff,2
120.tiff_128_128.tiff,2
121.tiff_0_0.tiff,2
121.tiff_0_128.tiff,2
121.tiff_128_0.tiff,2
121.tiff_128_128.tiff,2
122.tiff_0_0.tiff,4
122.tiff_0_128.tiff,4
122.tiff_128_0.tiff,4
122.tiff_128_128.tiff,4
123.tiff_0_0.tiff,3
123.tiff_0_128.tiff,3
123.tiff_128_0.tiff,3
123.tiff_128_128.tiff,3
124.tiff_0_0.tiff,4
124.tiff_0_128.tiff,4
124.tiff_128_0.tiff,4
124.tiff_128_128.tiff,4
125.tiff_0_0.tiff,3
125.tiff_0_128.tiff,3
125.tiff_128_0.tiff,3
125.tiff_128_128.tiff,3
126.tiff_0_0.tiff,3
126.tiff_0_128.tiff,3
126.tiff_128_0.tiff,3
126.tiff_128_128.tiff,3
127.tiff_0_0.tiff,4
127.tiff_0_128.tiff,4
127.tiff_128_0.tiff,4
127.tiff_128_128.tiff,4
128.tiff_0_0.tiff,3
128.tiff_0_128.tiff,3
128.tiff_128_0.tiff,3
128.tiff_128_128.tiff,3
129.tiff_0_0.tiff,3
129.tiff_0_128.tiff,3
129.tiff_128_0.tiff,3
129.tiff_128_128.tiff,3
130.tiff_0_0.tiff,4
130.tiff_0_128.tiff,4
130.tiff_128_0.tiff,4
130.tiff_128_128.tiff,4
131.tiff_0_0.tiff,3
131.tiff_0_128.tiff,3
131.tiff_128_0.tiff,3
131.tiff_128_128.tiff,3
132.tiff_0_0.tiff,3
132.tiff_0_128.tiff,3
132.tiff_128_0.tiff,3
132.tiff_128_128.tiff,3
133.tiff_0_0.tiff,3
133.tiff_0_128.tiff,3
133.tiff_128_0.tiff,3
133.tiff_128_128.tiff,3
134.tiff_0_0.tiff,3
134.tiff_0_128.tiff,3
134.tiff_128_0.tiff,3
134.tiff_128_128.tiff,3
135.tiff_0_0.tiff,3
135.tiff_0_128.tiff,3
135.tiff_128_0.tiff,3
135.tiff_128_128.tiff,3
136.tiff_0_0.tiff,3
136.tiff_0_128.tiff,3
136.tiff_128_0.tiff,3
136.tiff_128_128.tiff,3
137.tiff_0_0.tiff,3
137.tiff_0_128.tiff,3
137.tiff_128_0.tiff,3
137.tiff_128_128.tiff,3
138.tiff_0_0.tiff,4
138.tiff_0_128.tiff,4
138.tiff_128_0.tiff,4
138.tiff_128_128.tiff,4
139.tiff_0_0.tiff,3
139.tiff_0_128.tiff,3
139.tiff_128_0.tiff,3
139.tiff_128_128.tiff,3
140.tiff_0_0.tiff,4
140.tiff_0_128.tiff,4
140.tiff_128_0.tiff,4
140.tiff_128_128.tiff,4
141.tiff_0_0.tiff,5
141.tiff_0_128.tiff,5
141.tiff_128_0.tiff,5
141.tiff_128_128.tiff,5
142.tiff_0_0.tiff,3
142.tiff_0_128.tiff,3
142.tiff_128_0.tiff,3
142.tiff_128_128.tiff,3
143.tiff_0_0.tiff,3
143.tiff_0_128.tiff,3
143.tiff_128_0.tiff,3
143.tiff_128_128.tiff,3
144.tiff_0_0.tiff,3
144.tiff_0_128.tiff,3
144.tiff_128_0.tiff,3
144.tiff_128_128.tiff,3
145.tiff_0_0.tiff,3
145.tiff_0_128.tiff,3
145.tiff_128_0.tiff,3
145.tiff_128_128.tiff,3
146.tiff_0_0.tiff,3
146.tiff_0_128.tiff,3
146.tiff_128_0.tiff,3
146.tiff_128_128.tiff,3
147.tiff_0_0.tiff,3
147.tiff_0_128.tiff,3
147.tiff_128_0.tiff,3
147.tiff_128_128.tiff,3
148.tiff_0_0.tiff,3
148.tiff_0_128.tiff,3
148.tiff_128_0.tiff,3
148.tiff_128_128.tiff,3
149.tiff_0_0.tiff,3
149.tiff_0_128.tiff,3
149.tiff_128_0.tiff,3
149.tiff_128_128.tiff,3
150.tiff_0_0.tiff,3
150.tiff_0_128.tiff,3
150.tiff_128_0.tiff,3
150.tiff_128_128.tiff,3
151.tiff_0_0.tiff,3
151.tiff_0_128.tiff,3
151.tiff_128_0.tiff,3
151.tiff_128_128.tiff,3
152.tiff_0_0.tiff,3
152.tiff_0_128.tiff,3
152.tiff_128_0.tiff,3
152.tiff_128_128.tiff,3
153.tiff_0_0.tiff,3
153.tiff_0_128.tiff,3
153.tiff_128_0.tiff,3
153.tiff_128_128.tiff,3
154.tiff_0_0.tiff,3
154.tiff_0_128.tiff,3
154.tiff_128_0.tiff,3
154.tiff_128_128.tiff,3
155.tiff_0_0.tiff,2
155.tiff_0_128.tiff,2
155.tiff_128_0.tiff,2
155.tiff_128_128.tiff,2
156.tiff_0_0.tiff,3
156.tiff_0_128.tiff,3
156.tiff_128_0.tiff,3
156.tiff_128_128.tiff,3
157.tiff_0_0.tiff,1
157.tiff_0_128.tiff,1
157.tiff_128_0.tiff,1
157.tiff_128_128.tiff,1
158.tiff_0_0.tiff,3
158.tiff_0_128.tiff,3
158.tiff_128_0.tiff,3
158.tiff_128_128.tiff,3
159.tiff_0_0.tiff,1
159.tiff_0_128.tiff,1
159.tiff_128_0.tiff,1
159.tiff_128_128.tiff,1
160.tiff_0_0.tiff,3
160.tiff_0_128.tiff,3
160.tiff_128_0.tiff,3
160.tiff_128_128.tiff,3
161.tiff_0_0.tiff,3
161.tiff_0_128.tiff,3
162.tiff_0_0.tiff,4
162.tiff_0_128.tiff,4
162.tiff_128_0.tiff,4
162.tiff_128_128.tiff,4
163.tiff_0_0.tiff,3
163.tiff_0_128.tiff,3
163.tiff_128_0.tiff,3
163.tiff_128_128.tiff,3
164.tiff_0_0.tiff,3
164.tiff_0_128.tiff,3
164.tiff_128_0.tiff,3
164.tiff_128_128.tiff,3
165.tiff_0_0.tiff,3
165.tiff_0_128.tiff,3
165.tiff_128_0.tiff,3
165.tiff_128_128.tiff,3
166.tiff_0_0.tiff,3
166.tiff_0_128.tiff,3
166.tiff_128_0.tiff,3
166.tiff_128_128.tiff,3
167.tiff_0_0.tiff,3
167.tiff_0_128.tiff,3
167.tiff_128_0.tiff,3
167.tiff_128_128.tiff,3
168.tiff_0_0.tiff,3
168.tiff_0_128.tiff,3
168.tiff_128_0.tiff,3
168.tiff_128_128.tiff,3
169.tiff_0_0.tiff,4
169.tiff_0_128.tiff,4
169.tiff_128_0.tiff,4
169.tiff_128_128.tiff,4
170.tiff_0_0.tiff,1
170.tiff_0_128.tiff,1
170.tiff_128_0.tiff,1
170.tiff_128_128.tiff,1
171.tiff_0_0.tiff,3
171.tiff_0_128.tiff,3
171.tiff_128_0.tiff,3
171.tiff_128_128.tiff,3
172.tiff_0_0.tiff,3
172.tiff_0_128.tiff,3
172.tiff_128_0.tiff,3
172.tiff_128_128.tiff,3
173.tiff_0_0.tiff,3
173.tiff_0_128.tiff,3
173.tiff_128_0.tiff,3
173.tiff_128_128.tiff,3
174.tiff_0_0.tiff,1
174.tiff_0_128.tiff,1
174.tiff_128_0.tiff,1
174.tiff_128_128.tiff,1
175.tiff_0_0.tiff,3
175.tiff_0_128.tiff,3
175.tiff_128_0.tiff,3
175.tiff_128_128.tiff,3
176.tiff_0_0.tiff,3
176.tiff_0_128.tiff,3
176.tiff_128_0.tiff,3
176.tiff_128_128.tiff,3
177.tiff_0_0.tiff,3
177.tiff_0_128.tiff,3
177.tiff_128_0.tiff,3
177.tiff_128_128.tiff,3
178.tiff_0_0.tiff,1
178.tiff_0_128.tiff,1
178.tiff_128_0.tiff,1
178.tiff_128_128.tiff,1
179.tiff_0_0.tiff,3
179.tiff_0_128.tiff,3
179.tiff_128_0.tiff,3
179.tiff_128_128.tiff,3
180.tiff_0_0.tiff,3
180.tiff_0_128.tiff,3
180.tiff_128_0.tiff,3
180.tiff_128_128.tiff,3
181.tiff_0_0.tiff,3
181.tiff_0_128.tiff,3
181.tiff_128_0.tiff,3
181.tiff_128_128.tiff,3
182.tiff_0_0.tiff,3
182.tiff_0_128.tiff,3
182.tiff_128_0.tiff,3
182.tiff_128_128.tiff,3
183.tiff_0_0.tiff,3
183.tiff_0_128.tiff,3
183.tiff_128_0.tiff,3
183.tiff_128_128.tiff,3
184.tiff_0_0.tiff,3
184.tiff_0_128.tiff,3
184.tiff_128_0.tiff,3
184.tiff_128_128.tiff,3
185.tiff_0_0.tiff,4
185.tiff_0_128.tiff,4
185.tiff_128_0.tiff,4
185.tiff_128_128.tiff,4
186.tiff_0_0.tiff,3
186.tiff_0_128.tiff,3
186.tiff_128_0.tiff,3
186.tiff_128_128.tiff,3
187.tiff_0_0.tiff,3
187.tiff_0_128.tiff,3
187.tiff_128_0.tiff,3
187.tiff_128_128.tiff,3
188.tiff_0_0.tiff,3
188.tiff_0_128.tiff,3
188.tiff_128_0.tiff,3
188.tiff_128_128.tiff,3
189.tiff_0_0.tiff,3
189.tiff_0_128.tiff,3
189.tiff_128_0.tiff,3
189.tiff_128_128.tiff,3
190.tiff_0_0.tiff,2
190.tiff_0_128.tiff,2
190.tiff_128_0.tiff,2
190.tiff_128_128.tiff,2
191.tiff_0_0.tiff,3
191.tiff_0_128.tiff,3
191.tiff_128_0.tiff,3
191.tiff_128_128.tiff,3
192.tiff_0_0.tiff,3
192.tiff_0_128.tiff,3
192.tiff_128_0.tiff,3
192.tiff_128_128.tiff,3
193.tiff_0_0.tiff,3
193.tiff_0_128.tiff,3
193.tiff_128_0.tiff,3
193.tiff_128_128.tiff,3
194.tiff_0_0.tiff,3
194.tiff_0_128.tiff,3
194.tiff_128_0.tiff,3
194.tiff_128_128.tiff,3
195.tiff_0_0.tiff,3
195.tiff_0_128.tiff,3
195.tiff_128_0.tiff,3
195.tiff_128_128.tiff,3
196.tiff_0_0.tiff,3
196.tiff_0_128.tiff,3
196.tiff_128_0.tiff,3
196.tiff_128_128.tiff,3
197.tiff_0_0.tiff,3
197.tiff_0_128.tiff,3
197.tiff_128_0.tiff,3
197.tiff_128_128.tiff,3
198.tiff_0_0.tiff,2
198.tiff_0_128.tiff,2
198.tiff_128_0.tiff,2
198.tiff_128_128.tiff,2
199.tiff_0_0.tiff,2
199.tiff_0_128.tiff,2
199.tiff_128_0.tiff,2
199.tiff_128_128.tiff,2
200.tiff_0_0.tiff,3
200.tiff_0_128.tiff,3
200.tiff_128_0.tiff,3
200.tiff_128_128.tiff,3
201.tiff_0_0.tiff,3
201.tiff_0_128.tiff,3
201.tiff_128_0.tiff,3
201.tiff_128_128.tiff,3
202.tiff_0_0.tiff,3
202.tiff_0_128.tiff,3
202.tiff_128_0.tiff,3
202.tiff_128_128.tiff,3
203.tiff_0_0.tiff,3
203.tiff_0_128.tiff,3
203.tiff_128_0.tiff,3
203.tiff_128_128.tiff,3
204.tiff_0_0.tiff,3
204.tiff_0_128.tiff,3
204.tiff_128_0.tiff,3
204.tiff_128_128.tiff,3
205.tiff_0_0.tiff,3
205.tiff_0_128.tiff,3
205.tiff_128_0.tiff,3
205.tiff_128_128.tiff,3
206.tiff_0_0.tiff,3
206.tiff_0_128.tiff,3
206.tiff_128_0.tiff,3
206.tiff_128_128.tiff,3
207.tiff_0_0.tiff,3
207.tiff_0_128.tiff,3
207.tiff_128_0.tiff,3
207.tiff_128_128.tiff,3
208.tiff_0_0.tiff,3
208.tiff_0_128.tiff,3
208.tiff_128_0.tiff,3
208.tiff_128_128.tiff,3
209.tiff_0_0.tiff,3
209.tiff_0_128.tiff,3
209.tiff_128_0.tiff,3
209.tiff_128_128.tiff,3
210.tiff_0_0.tiff,3
210.tiff_0_128.tiff,3
210.tiff_128_0.tiff,3
210.tiff_128_128.tiff,3
211.tiff_0_0.tiff,2
211.tiff_0_128.tiff,2
211.tiff_128_0.tiff,2
211.tiff_128_128.tiff,2
212.tiff_0_0.tiff,1
212.tiff_0_128.tiff,1
212.tiff_128_0.tiff,1
212.tiff_128_128.tiff,1
213.tiff_0_0.tiff,3
213.tiff_0_128.tiff,3
213.tiff_128_0.tiff,3
213.tiff_128_128.tiff,3
214.tiff_0_0.tiff,3
214.tiff_0_128.tiff,3
214.tiff_128_0.tiff,3
214.tiff_128_128.tiff,3
215.tiff_0_0.tiff,3
215.tiff_0_128.tiff,3
215.tiff_128_0.tiff,3
215.tiff_128_128.tiff,3
216.tiff_0_0.tiff,3
216.tiff_0_128.tiff,3
216.tiff_128_0.tiff,3
216.tiff_128_128.tiff,3
217.tiff_0_0.tiff,4
217.tiff_0_128.tiff,4
217.tiff_128_0.tiff,4
217.tiff_128_128.tiff,4
218.tiff_0_0.tiff,3
218.tiff_0_128.tiff,3
218.tiff_128_0.tiff,3
218.tiff_128_128.tiff,3
219.tiff_0_0.tiff,3
219.tiff_0_128.tiff,3
219.tiff_128_0.tiff,3
219.tiff_128_128.tiff,3
220.tiff_0_0.tiff,3
220.tiff_0_128.tiff,3
220.tiff_128_0.tiff,3
220.tiff_128_128.tiff,3
221.tiff_0_0.tiff,3
221.tiff_0_128.tiff,3
221.tiff_128_0.tiff,3
221.tiff_128_128.tiff,3
222.tiff_0_0.tiff,3
222.tiff_0_128.tiff,3
222.tiff_128_0.tiff,3
222.tiff_128_128.tiff,3
223.tiff_0_0.tiff,3
223.tiff_0_128.tiff,3
223.tiff_128_0.tiff,3
223.tiff_128_128.tiff,3
224.tiff_0_0.tiff,3
224.tiff_0_128.tiff,3
224.tiff_128_0.tiff,3
224.tiff_128_128.tiff,3
225.tiff_0_0.tiff,2
225.tiff_0_128.tiff,2
225.tiff_128_0.tiff,2
225.tiff_128_128.tiff,2
226.tiff_0_0.tiff,3
226.tiff_0_128.tiff,3
226.tiff_128_0.tiff,3
226.tiff_128_128.tiff,3
227.tiff_0_0.tiff,3
227.tiff_0_128.tiff,3
227.tiff_128_0.tiff,3
227.tiff_128_128.tiff,3
228.tiff_0_0.tiff,3
228.tiff_0_128.tiff,3
228.tiff_128_0.tiff,3
228.tiff_128_128.tiff,3
229.tiff_0_0.tiff,3
229.tiff_0_128.tiff,3
229.tiff_128_0.tiff,3
229.tiff_128_128.tiff,3
230.tiff_0_0.tiff,3
230.tiff_0_128.tiff,3
230.tiff_128_0.tiff,3
230.tiff_128_128.tiff,3
231.tiff_0_0.tiff,3
231.tiff_0_128.tiff,3
231.tiff_128_0.tiff,3
231.tiff_128_128.tiff,3
232.tiff_0_0.tiff,4
232.tiff_0_128.tiff,4
232.tiff_128_0.tiff,4
232.tiff_128_128.tiff,4
233.tiff_0_0.tiff,3
233.tiff_0_128.tiff,3
233.tiff_128_0.tiff,3
233.tiff_128_128.tiff,3
234.tiff_0_0.tiff,3
234.tiff_0_128.tiff,3
234.tiff_128_0.tiff,3
234.tiff_128_128.tiff,3
235.tiff_0_0.tiff,3
235.tiff_0_128.tiff,3
235.tiff_128_0.tiff,3
235.tiff_128_128.tiff,3
236.tiff_0_0.tiff,3
236.tiff_0_128.tiff,3
236.tiff_128_0.tiff,3
236.tiff_128_128.tiff,3
237.tiff_0_0.tiff,3
237.tiff_0_128.tiff,3
237.tiff_128_0.tiff,3
237.tiff_128_128.tiff,3
238.tiff_0_0.tiff,3
238.tiff_0_128.tiff,3
238.tiff_128_0.tiff,3
238.tiff_128_128.tiff,3
239.tiff_0_0.tiff,3
239.tiff_0_128.tiff,3
239.tiff_128_0.tiff,3
239.tiff_128_128.tiff,3
240.tiff_0_0.tiff,5
240.tiff_0_128.tiff,5
240.tiff_128_0.tiff,5
240.tiff_128_128.tiff,5
241.tiff_0_0.tiff,3
241.tiff_0_128.tiff,3
241.tiff_128_0.tiff,3
241.tiff_128_128.tiff,3
242.tiff_0_0.tiff,3
242.tiff_0_128.tiff,3
242.tiff_128_0.tiff,3
242.tiff_128_128.tiff,3
243.tiff_0_0.tiff,3
243.tiff_0_128.tiff,3
243.tiff_128_0.tiff,3
243.tiff_128_128.tiff,3
244.tiff_0_0.tiff,3
244.tiff_0_128.tiff,3
244.tiff_128_0.tiff,3
244.tiff_128_128.tiff,3
245.tiff_0_0.tiff,3
245.tiff_0_128.tiff,3
245.tiff_128_0.tiff,3
245.tiff_128_128.tiff,3
246.tiff_0_0.tiff,3
246.tiff_0_128.tiff,3
246.tiff_128_0.tiff,3
246.tiff_128_128.tiff,3
247.tiff_0_0.tiff,1
247.tiff_0_128.tiff,1
247.tiff_128_0.tiff,1
247.tiff_128_128.tiff,1
248.tiff_0_0.tiff,5
248.tiff_0_128.tiff,5
248.tiff_128_0.tiff,5
248.tiff_128_128.tiff,5
249.tiff_0_0.tiff,3
249.tiff_0_128.tiff,3
249.tiff_128_0.tiff,3
249.tiff_128_128.tiff,3
250.tiff_0_0.tiff,4
250.tiff_0_128.tiff,4
250.tiff_128_0.tiff,4
250.tiff_128_128.tiff,4
251.tiff_0_0.tiff,3
251.tiff_0_128.tiff,3
251.tiff_128_0.tiff,3
251.tiff_128_128.tiff,3
252.tiff_0_0.tiff,3
252.tiff_0_128.tiff,3
252.tiff_128_0.tiff,3
252.tiff_128_128.tiff,3
253.tiff_0_0.tiff,3
253.tiff_0_128.tiff,3
253.tiff_128_0.tiff,3
253.tiff_128_128.tiff,3
254.tiff_0_0.tiff,3
254.tiff_0_128.tiff,3
254.tiff_128_0.tiff,3
254.tiff_128_128.tiff,3
255.tiff_0_0.tiff,3
255.tiff_0_128.tiff,3
255.tiff_128_0.tiff,3
255.tiff_128_128.tiff,3
256.tiff_0_0.tiff,3
256.tiff_0_128.tiff,3
256.tiff_128_0.tiff,3
256.tiff_128_128.tiff,3
257.tiff_0_0.tiff,3
257.tiff_0_128.tiff,3
257.tiff_128_0.tiff,3
257.tiff_128_128.tiff,3
258.tiff_0_0.tiff,3
258.tiff_0_128.tiff,3
258.tiff_128_0.tiff,3
258.tiff_128_128.tiff,3
259.tiff_0_0.tiff,3
259.tiff_0_128.tiff,3
259.tiff_128_0.tiff,3
259.tiff_128_128.tiff,3
260.tiff_0_0.tiff,3
260.tiff_0_128.tiff,3
260.tiff_128_0.tiff,3
260.tiff_128_128.tiff,3
261.tiff_0_0.tiff,3
261.tiff_0_128.tiff,3
261.tiff_128_0.tiff,3
261.tiff_128_128.tiff,3
262.tiff_0_0.tiff,3
262.tiff_0_128.tiff,3
262.tiff_128_0.tiff,3
262.tiff_128_128.tiff,3
263.tiff_0_0.tiff,3
263.tiff_0_128.tiff,3
263.tiff_128_0.tiff,3
263.tiff_128_128.tiff,3
264.tiff_0_0.tiff,3
264.tiff_0_128.tiff,3
264.tiff_128_0.tiff,3
264.tiff_128_128.tiff,3
265.tiff_0_0.tiff,4
265.tiff_0_128.tiff,4
265.tiff_128_0.tiff,4
265.tiff_128_128.tiff,4
266.tiff_0_0.tiff,4
266.tiff_0_128.tiff,4
266.tiff_128_0.tiff,4
266.tiff_128_128.tiff,4
267.tiff_0_0.tiff,3
267.tiff_0_128.tiff,3
267.tiff_128_0.tiff,3
267.tiff_128_128.tiff,3
268.tiff_0_0.tiff,3
268.tiff_0_128.tiff,3
268.tiff_128_0.tiff,3
268.tiff_128_128.tiff,3
269.tiff_0_0.tiff,3
269.tiff_0_128.tiff,3
269.tiff_128_0.tiff,3
269.tiff_128_128.tiff,3
270.tiff_0_0.tiff,4
270.tiff_0_128.tiff,4
270.tiff_128_0.tiff,4
270.tiff_128_128.tiff,4
271.tiff_0_0.tiff,2
271.tiff_0_128.tiff,2
271.tiff_128_0.tiff,2
271.tiff_128_128.tiff,2
272.tiff_0_0.tiff,3
272.tiff_0_128.tiff,3
272.tiff_128_0.tiff,3
272.tiff_128_128.tiff,3
273.tiff_0_0.tiff,3
273.tiff_0_128.tiff,3
273.tiff_128_0.tiff,3
273.tiff_128_128.tiff,3
274.tiff_0_0.tiff,1
274.tiff_0_128.tiff,1
274.tiff_128_0.tiff,1
274.tiff_128_128.tiff,1
275.tiff_0_0.tiff,1
275.tiff_0_128.tiff,1
275.tiff_128_0.tiff,1
275.tiff_128_128.tiff,1
276.tiff_0_0.tiff,4
276.tiff_0_128.tiff,4
276.tiff_128_0.tiff,4
276.tiff_128_128.tiff,4
277.tiff_0_0.tiff,3
277.tiff_0_128.tiff,3
277.tiff_128_0.tiff,3
277.tiff_128_128.tiff,3
278.tiff_0_0.tiff,3
278.tiff_0_128.tiff,3
278.tiff_128_0.tiff,3
278.tiff_128_128.tiff,3
279.tiff_0_0.tiff,3
279.tiff_0_128.tiff,3
279.tiff_128_0.tiff,3
279.tiff_128_128.tiff,3
280.tiff_0_0.tiff,3
280.tiff_0_128.tiff,3
280.tiff_128_0.tiff,3
280.tiff_128_128.tiff,3
281.tiff_0_0.tiff,3
281.tiff_0_128.tiff,3
281.tiff_128_0.tiff,3
281.tiff_128_128.tiff,3
282.tiff_0_0.tiff,3
282.tiff_0_128.tiff,3
282.tiff_128_0.tiff,3
282.tiff_128_128.tiff,3
283.tiff_0_0.tiff,3
283.tiff_0_128.tiff,3
283.tiff_128_0.tiff,3
283.tiff_128_128.tiff,3
284.tiff_0_0.tiff,3
284.tiff_0_128.tiff,3
284.tiff_128_0.tiff,3
284.tiff_128_128.tiff,3
285.tiff_0_0.tiff,4
285.tiff_0_128.tiff,4
285.tiff_128_0.tiff,4
285.tiff_128_128.tiff,4
286.tiff_0_0.tiff,3
286.tiff_0_128.tiff,3
286.tiff_128_0.tiff,3
286.tiff_128_128.tiff,3
287.tiff_0_0.tiff,3
287.tiff_0_128.tiff,3
287.tiff_128_0.tiff,3
287.tiff_128_128.tiff,3
288.tiff_0_0.tiff,3
288.tiff_0_128.tiff,3
288.tiff_128_0.tiff,3
288.tiff_128_128.tiff,3
289.tiff_0_0.tiff,3
289.tiff_0_128.tiff,3
289.tiff_128_0.tiff,3
289.tiff_128_128.tiff,3
290.tiff_0_0.tiff,3
290.tiff_0_128.tiff,3
290.tiff_128_0.tiff,3
290.tiff_128_128.tiff,3
291.tiff_0_0.tiff,3
291.tiff_0_128.tiff,3
291.tiff_128_0.tiff,3
291.tiff_128_128.tiff,3
292.tiff_0_0.tiff,3
292.tiff_0_128.tiff,3
292.tiff_128_0.tiff,3
292.tiff_128_128.tiff,3
293.tiff_0_0.tiff,5
293.tiff_0_128.tiff,5
293.tiff_128_0.tiff,5
293.tiff_128_128.tiff,5
294.tiff_0_0.tiff,3
294.tiff_0_128.tiff,3
294.tiff_128_0.tiff,3
294.tiff_128_128.tiff,3
295.tiff_0_0.tiff,5
295.tiff_0_128.tiff,5
295.tiff_128_0.tiff,5
295.tiff_128_128.tiff,5
296.tiff_0_0.tiff,5
296.tiff_0_128.tiff,5
296.tiff_128_0.tiff,5
296.tiff_128_128.tiff,5
297.tiff_0_0.tiff,3
297.tiff_0_128.tiff,3
297.tiff_128_0.tiff,3
297.tiff_128_128.tiff,3
298.tiff_0_0.tiff,3
298.tiff_0_128.tiff,3
298.tiff_128_0.tiff,3
298.tiff_128_128.tiff,3
299.tiff_0_0.tiff,5
299.tiff_0_128.tiff,5
299.tiff_128_0.tiff,5
299.tiff_128_128.tiff,5
300.tiff_0_0.tiff,3
300.tiff_0_128.tiff,3
300.tiff_128_0.tiff,3
300.tiff_128_128.tiff,3
301.tiff_0_0.tiff,3
301.tiff_0_128.tiff,3
301.tiff_128_0.tiff,3
301.tiff_128_128.tiff,3
302.tiff_0_0.tiff,3
302.tiff_0_128.tiff,3
302.tiff_128_0.tiff,3
302.tiff_128_128.tiff,3
303.tiff_0_0.tiff,3
303.tiff_0_128.tiff,3
303.tiff_128_0.tiff,3
303.tiff_128_128.tiff,3
304.tiff_0_0.tiff,3
304.tiff_0_128.tiff,3
304.tiff_128_0.tiff,3
304.tiff_128_128.tiff,3
305.tiff_0_0.tiff,1
305.tiff_0_128.tiff,1
305.tiff_128_0.tiff,1
305.tiff_128_128.tiff,1
306.tiff_0_0.tiff,2
306.tiff_0_128.tiff,2
306.tiff_128_0.tiff,2
306.tiff_128_128.tiff,2
307.tiff_0_0.tiff,2
307.tiff_0_128.tiff,2
307.tiff_128_0.tiff,2
307.tiff_128_128.tiff,2
308.tiff_0_0.tiff,1
308.tiff_0_128.tiff,1
308.tiff_128_0.tiff,1
308.tiff_128_128.tiff,1
309.tiff_0_0.tiff,4
309.tiff_0_128.tiff,4
309.tiff_128_0.tiff,4
309.tiff_128_128.tiff,4
310.tiff_0_0.tiff,3
310.tiff_0_128.tiff,3
310.tiff_128_0.tiff,3
310.tiff_128_128.tiff,3
311.tiff_0_0.tiff,3
311.tiff_0_128.tiff,3
311.tiff_128_0.tiff,3
311.tiff_128_128.tiff,3
312.tiff_0_0.tiff,3
312.tiff_0_128.tiff,3
312.tiff_128_0.tiff,3
312.tiff_128_128.tiff,3
313.tiff_0_0.tiff,3
313.tiff_0_128.tiff,3
314.tiff_0_0.tiff,3
314.tiff_0_128.tiff,3
314.tiff_128_0.tiff,3
314.tiff_128_128.tiff,3
315.tiff_0_0.tiff,3
315.tiff_0_128.tiff,3
315.tiff_128_0.tiff,3
315.tiff_128_128.tiff,3
316.tiff_0_0.tiff,4
316.tiff_0_128.tiff,4
316.tiff_128_0.tiff,4
316.tiff_128_128.tiff,4
317.tiff_0_0.tiff,3
317.tiff_0_128.tiff,3
317.tiff_128_0.tiff,3
317.tiff_128_128.tiff,3
318.tiff_0_0.tiff,3
318.tiff_0_128.tiff,3
318.tiff_128_0.tiff,3
318.tiff_128_128.tiff,3
319.tiff_0_0.tiff,5
319.tiff_0_128.tiff,5
319.tiff_128_0.tiff,5
319.tiff_128_128.tiff,5
320.tiff_0_0.tiff,4
320.tiff_0_128.tiff,4
320.tiff_128_0.tiff,4
320.tiff_128_128.tiff,4
321.tiff_0_0.tiff,2
321.tiff_0_128.tiff,2
321.tiff_128_0.tiff,2
321.tiff_128_128.tiff,2
322.tiff_0_0.tiff,3
322.tiff_0_128.tiff,3
322.tiff_128_0.tiff,3
322.tiff_128_128.tiff,3
323.tiff_0_0.tiff,3
323.tiff_0_128.tiff,3
323.tiff_128_0.tiff,3
323.tiff_128_128.tiff,3
324.tiff_0_0.tiff,3
324.tiff_0_128.tiff,3
324.tiff_128_0.tiff,3
324.tiff_128_128.tiff,3
325.tiff_0_0.tiff,3
325.tiff_0_128.tiff,3
325.tiff_128_0.tiff,3
325.tiff_128_128.tiff,3
326.tiff_0_0.tiff,3
326.tiff_0_128.tiff,3
326.tiff_128_0.tiff,3
326.tiff_128_128.tiff,3
327.tiff_0_0.tiff,3
327.tiff_0_128.tiff,3
327.tiff_128_0.tiff,3
327.tiff_128_128.tiff,3
328.tiff_0_0.tiff,3
328.tiff_0_128.tiff,3
328.tiff_128_0.tiff,3
328.tiff_128_128.tiff,3
329.tiff_0_0.tiff,5
329.tiff_0_128.tiff,5
329.tiff_128_0.tiff,5
329.tiff_128_128.tiff,5
330.tiff_0_0.tiff,3
330.tiff_0_128.tiff,3
330.tiff_128_0.tiff,3
330.tiff_128_128.tiff,3
331.tiff_0_0.tiff,3
331.tiff_0_128.tiff,3
331.tiff_128_0.tiff,3
331.tiff_128_128.tiff,3
332.tiff_0_0.tiff,3
332.tiff_0_128.tiff,3
332.tiff_128_0.tiff,3
332.tiff_128_128.tiff,3
333.tiff_0_0.tiff,5
333.tiff_0_128.tiff,5
333.tiff_128_0.tiff,5
333.tiff_128_128.tiff,5
334.tiff_0_0.tiff,4
334.tiff_0_128.tiff,4
334.tiff_128_0.tiff,4
334.tiff_128_128.tiff,4
335.tiff_0_0.tiff,5
335.tiff_0_128.tiff,5
335.tiff_128_0.tiff,5
335.tiff_128_128.tiff,5
336.tiff_0_0.tiff,3
336.tiff_0_128.tiff,3
336.tiff_128_0.tiff,3
336.tiff_128_128.tiff,3
337.tiff_0_0.tiff,3
337.tiff_0_128.tiff,3
337.tiff_128_0.tiff,3
337.tiff_128_128.tiff,3
338.tiff_0_0.tiff,3
338.tiff_0_128.tiff,3
338.tiff_128_0.tiff,3
338.tiff_128_128.tiff,3
339.tiff_0_0.tiff,3
339.tiff_0_128.tiff,3
339.tiff_128_0.tiff,3
339.tiff_128_128.tiff,3
340.tiff_0_0.tiff,3
340.tiff_0_128.tiff,3
340.tiff_128_0.tiff,3
340.tiff_128_128.tiff,3
341.tiff_0_0.tiff,3
341.tiff_0_128.tiff,3
341.tiff_128_0.tiff,3
341.tiff_128_128.tiff,3
342.tiff_0_0.tiff,4
342.tiff_0_128.tiff,4
342.tiff_128_0.tiff,4
342.tiff_128_128.tiff,4
343.tiff_0_0.tiff,4
343.tiff_0_128.tiff,4
343.tiff_128_0.tiff,4
343.tiff_128_128.tiff,4
344.tiff_0_0.tiff,3
344.tiff_0_128.tiff,3
344.tiff_128_0.tiff,3
344.tiff_128_128.tiff,3
345.tiff_0_0.tiff,3
345.tiff_0_128.tiff,3
345.tiff_128_0.tiff,3
345.tiff_128_128.tiff,3
346.tiff_0_0.tiff,3
346.tiff_0_128.tiff,3
346.tiff_128_0.tiff,3
346.tiff_128_128.tiff,3
347.tiff_0_0.tiff,3
347.tiff_0_128.tiff,3
347.tiff_128_0.tiff,3
347.tiff_128_128.tiff,3
348.tiff_0_0.tiff,3
348.tiff_0_128.tiff,3
348.tiff_128_0.tiff,3
348.tiff_128_128.tiff,3
349.tiff_0_0.tiff,3
349.tiff_0_128.tiff,3
349.tiff_128_0.tiff,3
349.tiff_128_128.tiff,3
350.tiff_0_0.tiff,5
350.tiff_0_128.tiff,5
350.tiff_128_0.tiff,5
350.tiff_128_128.tiff,5
351.tiff_0_0.tiff,5
351.tiff_0_128.tiff,5
351.tiff_128_0.tiff,5
351.tiff_128_128.tiff,5
352.tiff_0_0.tiff,4
352.tiff_0_128.tiff,4
352.tiff_128_0.tiff,4
352.tiff_128_128.tiff,4
353.tiff_0_0.tiff,3
353.tiff_0_128.tiff,3
353.tiff_128_0.tiff,3
353.tiff_128_128.tiff,3
354.tiff_0_0.tiff,4
354.tiff_0_128.tiff,4
354.tiff_128_0.tiff,4
354.tiff_128_128.tiff,4
355.tiff_0_0.tiff,4
355.tiff_0_128.tiff,4
355.tiff_128_0.tiff,4
355.tiff_128_128.tiff,4
356.tiff_0_0.tiff,3
356.tiff_0_128.tiff,3
356.tiff_128_0.tiff,3
356.tiff_128_128.tiff,3
